{
    "i": 2,
    "loss": 0.0020437592174857855,
    "loss_kt1": 1.3510004919226049e-05,
    "loss_sk1": 0.0005954228981863707,
    "loss_kt2": 4.2400083657412324e-05,
    "loss_sk2": 0.0006683635292574763,
    "loss_kt3": 6.2323584643309e-05,
    "loss_sk3": 0.0006617392064072192,
    "acc_pose": 1.9791666865348816
}