{
    "i": 35,
    "loss": 0.38360975589603186,
    "loss_p1": 0.03130311705172062,
    "loss_s1": 0.08915331482421607,
    "loss_p2": 0.023671774193644524,
    "loss_s2": 0.16730104386806488,
    "loss_p3": 0.009863603336270899,
    "loss_s3": 0.06231689662672579,
    "pp1": 10.635065071284771,
    "pr1": 8.624350816011429,
    "pf1": 8.829176381230354,
    "pp2": 6.400000035762787,
    "pr2": 1.4001984298229218,
    "pf2": 2.18201956897974,
    "pp3": 0.0,
    "pr3": 0.0,
    "pf3": 0.0,
    "acc_pose": 1.7607803475111723
}