{
    "i": 418,
    "loss": 0.27883686823770404,
    "loss_p1": 0.002713860785547695,
    "loss_s1": 0.056338111411605496,
    "loss_p2": 0.004577476431450123,
    "loss_s2": 0.11067069299315335,
    "loss_p3": 0.009620002570954966,
    "loss_s3": 0.09491672333388124,
    "pp1": 417.83333337306976,
    "pr1": 416.65909123420715,
    "pf1": 417.21687388420105,
    "pp2": 414.6510360836983,
    "pr2": 403.6615380644798,
    "pf2": 408.7487381696701,
    "pp3": 404.75439912080765,
    "pr3": 406.11936259269714,
    "pf3": 405.42139691114426,
    "acc_pose": 407.8561883866787
}