{
    "i": 74,
    "loss": 0.7000752384774387,
    "loss_p1": 0.0539268776337849,
    "loss_s1": 0.1580298860790208,
    "loss_p2": 0.04702586692292243,
    "loss_s2": 0.29257875157054514,
    "loss_p3": 0.022238984718569554,
    "loss_s3": 0.12627486989367753,
    "pp1": 41.94012075662613,
    "pr1": 40.01816575229168,
    "pf1": 40.19458486139774,
    "pp2": 32.141890682280064,
    "pr2": 19.44380383193493,
    "pf2": 23.162917636334896,
    "pp3": 0.0,
    "pr3": 0.0,
    "pf3": 0.0,
    "acc_pose": 10.661771144717932
