{
    "i": 1026,
    "loss": 0.6739595801627729,
    "loss_p1": 0.005477220823763673,
    "loss_s1": 0.12866767206651275,
    "loss_p2": 0.009588996491061152,
    "loss_s2": 0.25219007106352365,
    "loss_p3": 0.023765323949191952,
    "loss_s3": 0.2542702953214757,
    "pp1": 1025.5897436141968,
    "pr1": 1024.4924245476723,
    "pf1": 1024.9829627275467,
    "pp2": 1021.7368112206459,
    "pr2": 1005.4796697497368,
    "pf2": 1012.9710626602173,
    "pp3": 1017.2790558338165,
    "pr3": 1019.8579528927803,
    "pf3": 1018.4995289444923,
    "acc_pose": 1018.3663505911827
}