{
    "i": 1025,
    "loss": 3.1255648843944073,
    "loss_p1": 0.12051437008085486,
    "loss_s1": 0.5438098608719883,
    "loss_p2": 0.15636965523663093,
    "loss_s2": 1.197986485727597,
    "loss_p3": 0.13831852771909325,
    "loss_s3": 0.9685659772076178,
    "pp1": 974.5152606889606,
    "pr1": 992.5235384628177,
    "pf1": 981.6676105484366,
    "pp2": 914.9631863385439,
    "pr2": 899.514349013567,
    "pf2": 904.6266394555569,
    "pp3": 656.4264616593719,
    "pr3": 677.8584801070392,
    "pf3": 662.411819241941,
    "acc_pose": 758.7431499734521
}