{
    "i": 398,
    "loss": 2.297341594705358,
    "loss_kt1": 0.13576931633724598,
    "loss_sk1": 0.4500832511112094,
    "loss_kt2": 0.14502170772175305,
    "loss_sk2": 0.9366505806101486,
    "loss_kt3": 0.09167001611785963,
    "loss_sk3": 0.5381467245751992,
    "acc_pose": 150.72771224752069
}