{
    "i": 64,
    "loss": 1.4641071120277047,
    "loss_k11": 0.10002172959502786,
    "loss_s11": 0.3074026182293892,
    "loss_k21": 0.043923511781031266,
    "loss_s21": 0.14706361247226596,
    "loss_k22": 0.028825479836086743,
    "loss_s22": 0.18794403423089534,
    "loss_k31": 0.035490826223394834,
    "loss_s31": 0.13520809018518776,
    "loss_k32": 0.023274263119674288,
    "loss_s32": 0.19418703857809305,
    "loss_k33": 0.04773920157458633,
    "loss_s33": 0.21302673174068332,
    "acc_pose": 26.2295104265213