{
    "i": 465,
    "loss": 3.002505247015506,
    "loss_p1": 0.18007471931923646,
    "loss_s1": 0.6098530079470947,
    "loss_p2": 0.18372554061352275,
    "loss_s2": 1.2200339655391872,
    "loss_p3": 0.10246799017477315,
    "loss_s3": 0.7063500276999548,
    "pp1": 357.71065205335617,
    "pr1": 374.3077326118946,
    "pf1": 361.6180646568537,
    "pp2": 302.68161369115114,
    "pr2": 265.1293136179447,
    "pf2": 275.64625833183527,
    "pp3": 171.56967335939407,
    "pr3": 113.64006988890469,
    "pf3": 128.12933033704758,
    "acc_pose": 192.65602497383952