{
    "i": 1025,
    "loss": 0.8187046384555288,
    "loss_p1": 0.008190453477482151,
    "loss_s1": 0.14731127784398268,
    "loss_p2": 0.014182310954083732,
    "loss_s2": 0.3195800584871904,
    "loss_p3": 0.0323788408704786,
    "loss_s3": 0.2970616966485977,
    "pp1": 1023.5175103545189,
    "pr1": 1022.9467896223068,
    "pf1": 1023.1667759418488,
    "pp2": 1015.7906626462936,
    "pr2": 997.2727389335632,
    "pf2": 1005.8497390151024,
    "pp3": 954.9360701963305,
    "pr3": 962.6792150512338,
    "pf3": 958.6237248405814,
    "acc_pose": 977.7503859996796
}