{
    "i": 1025,
    "loss": 0.6819954529346433,
    "loss_p1": 0.005452382257658428,
    "loss_s1": 0.1283066327450797,
    "loss_p2": 0.009345826919457068,
    "loss_s2": 0.26008802807336906,
    "loss_p3": 0.024168896611627133,
    "loss_s3": 0.25463368713099044,
    "pp1": 1023.8527417778969,
    "pr1": 1022.445454955101,
    "pf1": 1023.0794174671173,
    "pp2": 1017.889389872551,
    "pr2": 1000.2279767394066,
    "pf2": 1008.4072911739349,
    "pp3": 982.946364082396,
    "pr3": 986.5648038759828,
    "pf3": 984.6333479955792,
    "acc_pose": 995.1550490856171
}